{
  "controller/Main-dbg.controller.js": 1627504816221,
  "controller/MasterEmployee.controller.js": 1626834942516,
  "model/json/Employees.json": 1627504698486,
  "model/json/Countries.json": 1627504695998,
  "manifest.json": 1627505436015,
  "model/models.js": 1623637021612,
  "model/formatter.js": 1625168192535,
  "controller/OrderDetails.controller.js": 1627502769148,
  "model/json/Layout.json": 1627504701309,
  "controller/Main.controller.js": 1627504816221,
  "controller/EmployeeDetails.controller.js": 1626834952640,
  "controller/Base.controller.js": 1626834481860,
  "controller/App.controller.js": 1626403330398,
  "control/Signature.js": 1627486719456,
  "Component.js": 1626231206139,
  "manifest-bundle.zip": 1627505435373,
  "Component-preload.js": 1627505435902,
  "i18n/i18n.properties": 1627488621029,
  "model/formatter-dbg.js": 1625168192535,
  "controller/OrderDetails-dbg.controller.js": 1627502769148,
  "controller/MasterEmployee-dbg.controller.js": 1626834942516,
  "model/models-dbg.js": 1623637021612,
  "controller/EmployeeDetails-dbg.controller.js": 1626834952640,
  "controller/Base-dbg.controller.js": 1626834481860,
  "controller/App-dbg.controller.js": 1626403330398,
  "control/Signature-dbg.js": 1627486719456,
  "Component-dbg.js": 1626231206139,
  "resources.json": 1627505436019,
  "view/OrderDetails.view.xml": 1627492132270,
  "view/MasterEmployee.view.xml": 1625118557553,
  "view/Main.view.xml": 1626403711962,
  "view/EmployeeDetails.view.xml": 1626317516158,
  "view/App.view.xml": 1626403841338,
  "fragment/TableOrders.fragment.xml": 1626404484643,
  "fragment/TableEmployee.fragment.xml": 1626225638404,
  "fragment/NewIncidence.fragment.xml": 1626316005723,
  "fragment/DialogOrders.fragment.xml": 1626317195320,
  "css/style.css": 1625122385021,
  "index.html": 1626408927489
}